Date,Symbol,Series,Prev Close,Open Price,High Price,Low Price,Last Price,Close Price,Average Price,Total Traded Quantity,Turnover,No. of Trades,Deliverable Qty,% Dly Qt to Traded Qty, 
19-Feb-2021,INDIAMART,EQ,9058.4,9118.85,9139.95,8751.0,8850.0,8836.8,8857.84,97522,863834630.85,25272,38927,39.92, 
18-Feb-2021,INDIAMART,EQ,8557.85,8748.95,9320.0,8729.1,9075.0,9058.4,9134.3,231515,2114728382.6,54157,73079,31.57, 
17-Feb-2021,INDIAMART,EQ,8855.85,8884.0,9050.0,8372.1,8550.0,8557.85,8621.66,151831,1309035593.8,39909,56520,37.23, 
16-Feb-2021,INDIAMART,EQ,9088.15,9120.0,9224.5,8802.0,8884.0,8855.85,8966.54,94314,845669868.6,30999,47453,50.31, 
15-Feb-2021,INDIAMART,EQ,9210.55,9268.6,9293.5,9013.8,9087.0,9088.15,9166.38,75157,688917499.4,23901,29404,39.12, 
12-Feb-2021,INDIAMART,EQ,9369.8,9426.25,9430.0,9150.0,9219.0,9210.55,9234.09,64421,594869069.8,16576,23923,37.14, 
11-Feb-2021,INDIAMART,EQ,9326.0,9388.9,9525.0,9330.0,9395.0,9369.8,9429.69,111035,1047025279.15,26642,45574,41.04, 
10-Feb-2021,INDIAMART,EQ,9090.1,9171.95,9540.0,9137.15,9388.9,9326.0,9319.77,155503,1449251795.05,35008,47312,30.43, 
09-Feb-2021,INDIAMART,EQ,9182.3,9000.0,9339.95,8710.0,9088.0,9090.1,9068.52,206597,1873529657.1,49011,55214,26.73, 
08-Feb-2021,INDIAMART,EQ,9780.9,9871.95,9910.6,9026.65,9240.0,9182.3,9405.32,243707,2292142140.0,55220,81776,33.56, 
05-Feb-2021,INDIAMART,EQ,9199.8,9350.0,9950.0,9350.0,9925.0,9780.9,9701.96,528242,5124982942.2,114650,95476,18.07, 
04-Feb-2021,INDIAMART,EQ,8255.9,8330.25,9400.0,8275.0,9349.0,9199.8,8892.69,461437,4103413921.1,89278,110508,23.95, 
03-Feb-2021,INDIAMART,EQ,8006.95,8035.0,8335.0,7974.95,8300.0,8255.9,8170.31,136352,1114038154.35,26265,52559,38.55, 
02-Feb-2021,INDIAMART,EQ,7781.85,7840.0,8282.0,7785.55,8000.0,8006.95,8076.59,161543,1304716544.9,38701,55118,34.12, 
01-Feb-2021,INDIAMART,EQ,7802.55,7858.15,7858.15,7411.0,7780.0,7781.85,7723.1,74204,573084722.55,22837,20738,27.95, 
29-Jan-2021,INDIAMART,EQ,7953.6,8000.0,8085.15,7715.0,7800.0,7802.55,7948.93,94696,752731552.05,31210,36422,38.46, 
28-Jan-2021,INDIAMART,EQ,7952.7,7850.0,7995.0,7832.65,7980.0,7953.6,7924.62,106562,844463272.1,23912,49919,46.85, 
27-Jan-2021,INDIAMART,EQ,7800.7,7770.0,8014.6,7640.0,7985.0,7952.7,7877.71,123428,972329568.5,32556,37160,30.11, 
25-Jan-2021,INDIAMART,EQ,7893.5,7980.0,8043.85,7550.0,7834.0,7800.7,7832.81,111652,874548961.45,26212,30865,27.64, 
22-Jan-2021,INDIAMART,EQ,7728.7,7920.75,7990.0,7804.0,7945.0,7893.5,7889.74,196504,1550364819.65,35982,54085,27.52, 
21-Jan-2021,INDIAMART,EQ,7320.15,7422.65,8090.05,7422.65,7874.0,7728.7,7779.88,511704,3980994875.55,85956,152165,29.74, 
20-Jan-2021,INDIAMART,EQ,7404.6,7472.7,7538.6,7285.0,7332.0,7320.15,7385.27,114163,843124520.45,23883,40944,35.86, 
19-Jan-2021,INDIAMART,EQ,7465.45,7559.0,7724.85,7376.95,7400.0,7404.6,7498.65,267901,2008894872.7,55013,78640,29.35, 
18-Jan-2021,INDIAMART,EQ,7785.35,7850.35,7978.7,7361.1,7400.0,7465.45,7613.62,195308,1487001585.65,45421,61630,31.56, 
15-Jan-2021,INDIAMART,EQ,8196.05,8250.0,8299.0,7652.0,7794.0,7785.35,8012.67,234234,1876840667.4,43104,115401,49.27, 
14-Jan-2021,INDIAMART,EQ,8115.4,8180.4,8265.0,7900.0,8216.0,8196.05,8142.46,196707,1601678064.8,36659,71575,36.39, 
13-Jan-2021,INDIAMART,EQ,8217.45,8300.0,8374.7,7618.3,8100.0,8115.4,8040.26,368875,2965852611.1,72109,100257,27.18, 
12-Jan-2021,INDIAMART,EQ,7978.05,8021.45,8273.95,8019.35,8199.8,8217.45,8148.44,244208,1989914484.25,52105,87438,35.8, 
11-Jan-2021,INDIAMART,EQ,7491.35,7546.15,8200.0,7510.2,7978.25,7978.05,7967.88,471812,3759343043.7,61428,195558,41.45, 
08-Jan-2021,INDIAMART,EQ,7423.3,7565.0,7598.0,7423.3,7450.15,7491.35,7513.81,86630,650921712.4,17491,34882,40.27, 
07-Jan-2021,INDIAMART,EQ,7084.55,7199.95,7615.0,7199.95,7465.0,7423.3,7399.94,138122,1022094157.5,27606,51635,37.38, 
06-Jan-2021,INDIAMART,EQ,7189.7,7250.4,7599.0,7010.0,7130.0,7084.55,7320.6,222682,1630165641.1,47293,100847,45.29, 
05-Jan-2021,INDIAMART,EQ,7287.7,7260.0,7284.0,6996.2,7190.0,7189.7,7177.54,126100,905087466.05,28935,49462,39.22, 
04-Jan-2021,INDIAMART,EQ,7038.3,7184.0,7489.8,7184.0,7271.0,7287.7,7331.49,262020,1920997789.45,50295,76359,29.14, 
01-Jan-2021,INDIAMART,EQ,6407.2,6411.0,7655.0,6382.25,7080.4,7038.3,6990.53,525320,3672266548.55,91119,99997,19.04, 
31-Dec-2020,INDIAMART,EQ,6251.05,6283.5,6464.05,6223.0,6411.0,6407.2,6376.88,72477,462177225.5,13451,26119,36.04, 
30-Dec-2020,INDIAMART,EQ,6235.9,6250.0,6283.05,6200.0,6258.0,6251.05,6250.9,37478,234271281.4,8751,18136,48.39, 
29-Dec-2020,INDIAMART,EQ,6268.4,6250.0,6300.0,6175.0,6250.0,6235.9,6244.14,48819,304832532.15,9702,16369,33.53, 
28-Dec-2020,INDIAMART,EQ,6211.65,6259.95,6329.95,6195.0,6275.0,6268.4,6269.81,61137,383317588.0,13057,23058,37.72, 
24-Dec-2020,INDIAMART,EQ,6027.8,6050.0,6274.85,5995.0,6210.0,6211.65,6159.24,101942,627885171.1,16916,46174,45.29, 
23-Dec-2020,INDIAMART,EQ,5995.9,6040.35,6094.95,5923.65,6000.0,6027.8,6017.75,68252,410723466.2,12909,25752,37.73, 
22-Dec-2020,INDIAMART,EQ,5692.7,5850.0,6095.0,5450.3,5999.0,5995.9,5898.22,169226,998132072.65,31491,45898,27.12, 
21-Dec-2020,INDIAMART,EQ,6078.4,6188.0,6350.0,4911.0,5850.0,5692.7,5953.19,223387,1329866196.0,38379,78854,35.3, 
18-Dec-2020,INDIAMART,EQ,5736.3,5829.9,6149.0,5810.0,6118.0,6078.4,5973.82,275028,1642966814.4,42474,112752,41.0, 
17-Dec-2020,INDIAMART,EQ,5503.55,5533.35,5780.0,5505.0,5756.0,5736.3,5697.61,169397,965158819.7,35836,95253,56.23, 
16-Dec-2020,INDIAMART,EQ,5387.55,5420.0,5550.0,5420.0,5485.25,5503.55,5508.3,135595,746898287.4,30179,83642,61.69, 
15-Dec-2020,INDIAMART,EQ,5387.85,5400.0,5400.0,5280.05,5400.0,5387.55,5363.63,65403,350797604.3,11355,48959,74.86, 
14-Dec-2020,INDIAMART,EQ,5357.95,5399.0,5399.95,5330.0,5390.0,5387.85,5381.89,41060,220980345.9,12089,30784,74.97, 
11-Dec-2020,INDIAMART,EQ,5298.8,5314.4,5400.0,5301.0,5330.0,5357.95,5363.73,62128,333237894.9,12748,41348,66.55, 
10-Dec-2020,INDIAMART,EQ,5308.45,5296.0,5341.0,5165.6,5292.05,5298.8,5300.03,89043,471930223.35,22627,68945,77.43, 
09-Dec-2020,INDIAMART,EQ,5251.1,5298.0,5420.0,5011.0,5300.0,5308.45,5317.39,86602,460496936.55,18278,49405,57.05, 
08-Dec-2020,INDIAMART,EQ,5108.95,5136.2,5330.95,5060.0,5240.0,5251.1,5244.07,124633,653584627.8,18962,70637,56.68, 
07-Dec-2020,INDIAMART,EQ,5121.2,5164.0,5164.0,5082.25,5140.0,5108.95,5117.16,41694,213354846.9,10878,28499,68.35, 
04-Dec-2020,INDIAMART,EQ,5012.55,5032.0,5200.0,5020.05,5119.95,5121.2,5111.76,39053,199629445.95,9648,23126,59.22, 
03-Dec-2020,INDIAMART,EQ,5053.15,5093.75,5158.3,5000.25,5014.0,5012.55,5093.84,48779,248472314.05,6734,33801,69.29, 
02-Dec-2020,INDIAMART,EQ,5145.25,5139.9,5198.95,4999.0,5036.0,5053.15,5099.59,67938,346455969.15,17542,45438,66.88, 
01-Dec-2020,INDIAMART,EQ,5092.4,5135.1,5200.3,5050.0,5110.0,5145.25,5139.65,164082,843323854.45,39356,120379,73.37, 
27-Nov-2020,INDIAMART,EQ,4697.95,4750.0,5238.6,4711.0,5102.5,5092.4,5028.45,244598,1229950019.2,26348,194021,79.32, 
26-Nov-2020,INDIAMART,EQ,4759.95,4775.0,4784.15,4630.8,4707.0,4697.95,4680.57,59771,279762212.15,13453,40476,67.72, 
25-Nov-2020,INDIAMART,EQ,4813.9,4868.0,4869.85,4755.0,4760.0,4759.95,4807.15,30707,147613171.7,9086,21845,71.14, 
24-Nov-2020,INDIAMART,EQ,4958.1,4997.8,4997.8,4800.0,4822.0,4813.9,4851.41,72863,353488381.15,9961,36514,50.11, 
23-Nov-2020,INDIAMART,EQ,4995.15,5025.0,5117.0,4905.0,4951.0,4958.1,5024.29,53528,268940375.4,10461,34377,64.22, 
20-Nov-2020,INDIAMART,EQ,4813.85,4850.0,5097.7,4824.35,4988.7,4995.15,4977.42,115261,573702638.35,19327,76148,66.07, 
19-Nov-2020,INDIAMART,EQ,4785.2,4795.0,4874.0,4780.0,4800.0,4813.85,4829.75,58281,281482881.55,13082,42108,72.25, 
18-Nov-2020,INDIAMART,EQ,4859.5,4910.0,4910.0,4752.0,4800.0,4785.2,4851.73,74852,363161993.6,11246,58984,78.8, 
17-Nov-2020,INDIAMART,EQ,4979.75,4979.75,4988.3,4730.0,4860.0,4859.5,4877.34,50675,247159215.85,9645,35162,69.39, 
14-Nov-2020,INDIAMART,EQ,4994.7,5020.0,5020.0,4970.0,4975.0,4979.75,4990.03,5255,26222602.05,1233,3671,69.86, 
13-Nov-2020,INDIAMART,EQ,4958.65,4990.0,5025.0,4900.8,4986.2,4994.7,4991.02,42907,214149842.45,11358,28430,66.26, 
12-Nov-2020,INDIAMART,EQ,4985.95,4985.0,4998.95,4940.0,4940.0,4958.65,4978.77,21903,109049898.5,4778,14757,67.37, 
11-Nov-2020,INDIAMART,EQ,4972.15,5000.0,5010.0,4951.0,4988.8,4985.95,4991.02,77172,385167363.2,10944,25807,33.44, 
10-Nov-2020,INDIAMART,EQ,5019.05,5050.0,5050.0,4515.0,5000.0,4972.15,4892.61,92809,454077966.0,14510,33077,35.64, 
09-Nov-2020,INDIAMART,EQ,4951.75,5001.0,5050.0,4950.0,5017.6,5019.05,5019.21,45473,228238652.65,12535,28088,61.77, 
06-Nov-2020,INDIAMART,EQ,4820.7,4885.0,5024.45,4832.95,4982.0,4951.75,4973.54,96273,478817517.05,17236,67767,70.39, 
05-Nov-2020,INDIAMART,EQ,4852.45,4920.0,4920.0,4805.0,4848.15,4820.7,4847.93,36754,178180942.15,6559,26981,73.41, 
04-Nov-2020,INDIAMART,EQ,4731.8,4800.0,4868.8,4730.0,4841.5,4852.45,4825.38,24946,120373959.25,6568,15895,63.72, 
03-Nov-2020,INDIAMART,EQ,4724.1,4768.05,4866.1,4690.0,4750.0,4731.8,4746.97,21694,102980846.95,5977,11766,54.24, 
02-Nov-2020,INDIAMART,EQ,4846.0,4846.0,4955.0,4670.0,4726.7,4724.1,4798.18,45663,219099209.15,9546,25866,56.65, 
30-Oct-2020,INDIAMART,EQ,4961.6,4998.95,4998.95,4825.0,4840.0,4846.0,4895.51,27659,135405044.25,7274,16968,61.35, 
29-Oct-2020,INDIAMART,EQ,4946.2,4825.0,5000.0,4825.0,4966.0,4961.6,4944.32,34832,172220655.0,9729,22822,65.52, 
28-Oct-2020,INDIAMART,EQ,4999.55,5025.0,5039.85,4881.25,4900.0,4946.2,4973.61,35769,177901140.7,9251,26324,73.59, 
27-Oct-2020,INDIAMART,EQ,4999.05,4925.0,5040.05,4925.0,4990.0,4999.55,5002.62,35425,177217878.95,8839,22596,63.79, 
26-Oct-2020,INDIAMART,EQ,4999.45,5026.05,5044.45,4962.0,5000.0,4999.05,4998.06,30749,153685341.25,9294,20117,65.42, 
23-Oct-2020,INDIAMART,EQ,4877.1,4902.0,5050.8,4887.3,5010.0,4999.45,4986.39,53034,264448251.0,13819,31403,59.21, 
22-Oct-2020,INDIAMART,EQ,4947.95,4999.0,4999.0,4810.0,4860.0,4877.1,4873.2,42102,205171494.35,11105,23248,55.22, 
21-Oct-2020,INDIAMART,EQ,4888.8,4900.0,4989.95,4889.0,4950.0,4947.95,4939.46,55387,273581856.7,9413,31080,56.11, 
20-Oct-2020,INDIAMART,EQ,4849.35,4849.6,4950.0,4809.35,4877.05,4888.8,4888.46,29262,143046022.05,7900,11777,40.25, 
19-Oct-2020,INDIAMART,EQ,5002.15,5050.0,5050.0,4605.8,4849.6,4849.35,4811.04,126266,607471275.6,24526,49213,38.98, 
16-Oct-2020,INDIAMART,EQ,4991.25,4960.0,5015.0,4925.05,4999.0,5002.15,4996.49,46004,229858582.6,8367,23321,50.69, 
15-Oct-2020,INDIAMART,EQ,4998.5,5000.0,5150.0,4881.1,4992.4,4991.25,5023.44,184584,927245870.7,25890,66758,36.17, 
14-Oct-2020,INDIAMART,EQ,4998.35,5000.0,5029.75,4942.9,4999.95,4998.5,4990.68,51712,258077993.55,12308,34757,67.21, 
13-Oct-2020,INDIAMART,EQ,5005.05,5001.1,5088.0,4980.0,5003.0,4998.35,5022.18,59102,296821042.05,11168,36951,62.52, 
12-Oct-2020,INDIAMART,EQ,5000.5,5040.0,5040.0,4943.45,5000.1,5005.05,5000.17,54727,273644105.75,10949,31492,57.54, 
09-Oct-2020,INDIAMART,EQ,4944.45,4984.05,5048.0,4780.0,4995.0,5000.5,4920.18,113699,559419705.2,19384,34057,29.95, 
08-Oct-2020,INDIAMART,EQ,5004.45,5070.0,5350.0,4922.25,4955.0,4944.45,5126.88,231749,1188149271.1,42572,76779,33.13, 
07-Oct-2020,INDIAMART,EQ,5020.8,5047.0,5116.35,4960.0,5022.0,5004.45,5028.52,67053,337177033.2,14737,33719,50.29, 
06-Oct-2020,INDIAMART,EQ,4989.75,4996.85,5168.0,4961.5,5010.0,5020.8,5060.07,118164,597917922.4,20208,48159,40.76, 
05-Oct-2020,INDIAMART,EQ,4994.1,4950.0,5050.0,4880.0,4950.0,4989.75,4992.63,147153,734680529.25,22055,88907,60.42, 
01-Oct-2020,INDIAMART,EQ,4995.05,5140.0,5140.0,4935.15,4985.0,4994.1,5045.56,128003,645846851.2,20444,72800,56.87, 
30-Sep-2020,INDIAMART,EQ,5097.35,5128.7,5135.0,4875.0,4985.0,4995.05,4977.37,178454,888231084.95,29322,77095,43.2, 
29-Sep-2020,INDIAMART,EQ,5330.45,5369.0,5373.25,5070.75,5125.0,5097.35,5160.87,140419,724684890.4,26572,69100,49.21, 
28-Sep-2020,INDIAMART,EQ,5253.95,5379.0,5487.5,5275.0,5340.0,5330.45,5384.85,181264,976080090.75,45885,71344,39.36, 
25-Sep-2020,INDIAMART,EQ,4817.7,4911.7,5299.45,4857.7,5201.2,5253.95,5100.87,279378,1425071746.4,50854,119172,42.66, 
24-Sep-2020,INDIAMART,EQ,4904.1,4790.0,4892.0,4675.0,4814.0,4817.7,4776.15,141887,677673745.15,25566,61262,43.18, 
23-Sep-2020,INDIAMART,EQ,4859.7,4880.0,4990.0,4676.0,4890.0,4904.1,4868.85,145547,708646748.65,29706,57059,39.2, 
22-Sep-2020,INDIAMART,EQ,4760.85,4694.85,4935.0,4379.9,4819.0,4859.7,4747.86,234982,1115660599.25,42270,93692,39.87, 
21-Sep-2020,INDIAMART,EQ,5005.0,5042.55,5047.2,4600.0,4700.0,4760.85,4826.29,152702,736984854.9,34398,78550,51.44, 
18-Sep-2020,INDIAMART,EQ,4966.0,5017.4,5100.0,4945.0,5000.0,5005.0,5021.16,143606,721069398.4,27479,67169,46.77, 
17-Sep-2020,INDIAMART,EQ,5135.8,5150.0,5161.5,4921.0,4930.0,4966.0,5014.57,114199,572658926.3,20924,64077,56.11, 
16-Sep-2020,INDIAMART,EQ,5139.55,5164.8,5216.5,4922.35,5197.0,5135.8,5043.06,145738,734965335.75,25651,48505,33.28, 
15-Sep-2020,INDIAMART,EQ,5019.95,5075.0,5227.0,5057.0,5147.0,5139.55,5129.9,173768,891412404.4,31593,95650,55.04, 
14-Sep-2020,INDIAMART,EQ,4768.0,4826.0,5099.0,4810.05,5012.0,5019.95,4995.74,230405,1151042603.35,53114,87068,37.79, 
11-Sep-2020,INDIAMART,EQ,4739.4,4741.8,4875.0,4695.0,4750.0,4768.0,4783.0,132415,633340477.65,27443,60608,45.77, 
10-Sep-2020,INDIAMART,EQ,4527.9,4619.95,4800.0,4600.0,4735.0,4739.4,4714.62,161037,759227776.85,27089,69259,43.01, 
09-Sep-2020,INDIAMART,EQ,4755.05,4610.0,4725.0,4420.0,4509.0,4527.9,4519.54,241796,1092807466.05,42730,116009,47.98, 
08-Sep-2020,INDIAMART,EQ,4527.85,4570.0,4923.2,4381.0,4732.0,4755.05,4709.09,445113,2096076669.1,64762,139286,31.29, 
07-Sep-2020,INDIAMART,EQ,4092.8,4249.0,4764.55,4148.0,4577.0,4527.85,4521.03,568757,2571370200.35,70417,186176,32.73, 
04-Sep-2020,INDIAMART,EQ,4261.45,4174.0,4266.6,4026.0,4140.0,4092.8,4136.26,288602,1193732504.1,23061,192578,66.73, 
03-Sep-2020,INDIAMART,EQ,4561.8,4500.0,4728.0,4211.0,4225.0,4261.45,4442.53,647811,2877917578.0,86176,265948,41.05, 
02-Sep-2020,INDIAMART,EQ,3828.15,3800.0,4593.75,3760.0,4593.75,4561.8,4227.35,972053,4109206461.65,109670,346687,35.67, 
01-Sep-2020,INDIAMART,EQ,3685.65,3765.0,3867.7,3681.1,3813.8,3828.15,3791.23,233456,885085431.35,35695,91603,39.24, 
31-Aug-2020,INDIAMART,EQ,3531.55,3589.0,3780.0,3550.2,3763.0,3685.65,3639.71,330163,1201697616.95,21959,241469,73.14, 
28-Aug-2020,INDIAMART,EQ,3684.45,3720.0,3721.0,3490.0,3525.0,3531.55,3582.49,83624,299582247.15,13134,42940,51.35, 
27-Aug-2020,INDIAMART,EQ,3645.1,3610.0,3785.0,3600.0,3686.25,3684.45,3705.22,100197,371252281.9,12194,48649,48.55, 
26-Aug-2020,INDIAMART,EQ,3708.0,3753.0,3785.0,3485.5,3635.0,3645.1,3649.74,110905,404774742.4,14553,40662,36.66, 
25-Aug-2020,INDIAMART,EQ,3520.8,3696.8,3870.0,3612.1,3770.0,3708.0,3726.69,477392,1779093130.55,39960,210305,44.05, 
24-Aug-2020,INDIAMART,EQ,3234.55,3314.95,3687.6,3300.0,3600.0,3520.8,3423.46,301034,1030579226.35,38521,127397,42.32, 
21-Aug-2020,INDIAMART,EQ,3060.2,3100.0,3275.0,3075.0,3275.0,3234.55,3203.29,221076,708171501.1,23160,88974,40.25, 
20-Aug-2020,INDIAMART,EQ,2980.9,3000.0,3100.0,2991.0,3066.0,3060.2,3069.24,133590,410019946.05,16752,75538,56.54, 
19-Aug-2020,INDIAMART,EQ,2954.65,2978.85,3010.0,2955.05,2990.0,2980.9,2987.3,34796,103946069.55,3613,17736,50.97, 
18-Aug-2020,INDIAMART,EQ,2932.2,2932.2,2970.0,2915.0,2960.0,2954.65,2953.8,21321,62978046.4,2687,13446,63.06, 
17-Aug-2020,INDIAMART,EQ,2921.6,2925.0,2970.05,2901.0,2934.0,2932.2,2941.59,23451,68983201.1,3266,12080,51.51, 
14-Aug-2020,INDIAMART,EQ,2962.35,2977.05,2989.0,2900.0,2919.9,2921.6,2933.3,34246,100453790.3,4201,22001,64.24, 
13-Aug-2020,INDIAMART,EQ,2918.9,2928.8,3050.0,2910.0,2958.0,2962.35,2996.05,60020,179822744.6,7849,34021,56.68, 
12-Aug-2020,INDIAMART,EQ,2959.5,2968.8,2974.15,2876.0,2910.0,2918.9,2914.88,45412,132370419.4,7232,31403,69.15, 
11-Aug-2020,INDIAMART,EQ,3067.4,3079.95,3079.95,2950.0,2965.0,2959.5,2999.61,61564,184668195.75,8272,37390,60.73, 
10-Aug-2020,INDIAMART,EQ,3085.15,3088.0,3111.35,3020.15,3060.0,3067.4,3067.09,71193,218355221.45,9159,36912,51.85, 
07-Aug-2020,INDIAMART,EQ,3100.2,3120.0,3145.0,3021.0,3084.95,3085.15,3091.42,182104,562959856.35,30815,71827,39.44, 
06-Aug-2020,INDIAMART,EQ,3038.25,3099.9,3118.75,3025.2,3097.95,3100.2,3073.82,269185,827426311.2,26904,89383,33.21, 
05-Aug-2020,INDIAMART,EQ,2892.55,2915.0,3095.0,2878.85,3058.0,3038.25,3022.16,519916,1571269245.2,50614,158098,30.41, 
04-Aug-2020,INDIAMART,EQ,2892.0,2928.0,2950.0,2788.0,2910.0,2892.55,2887.0,244618,706211519.2,25870,55968,22.88, 
03-Aug-2020,INDIAMART,EQ,2828.3,2846.0,3065.65,2832.05,2896.0,2892.0,2962.53,699998,2073765024.4,71213,220370,31.48, 
31-Jul-2020,INDIAMART,EQ,2598.35,2619.9,2870.0,2619.9,2844.95,2828.3,2734.8,516016,1411200882.35,41817,154323,29.91, 
30-Jul-2020,INDIAMART,EQ,2479.2,2520.0,2689.0,2490.0,2600.0,2598.35,2598.53,547574,1422889630.2,35656,156447,28.57, 
29-Jul-2020,INDIAMART,EQ,2406.65,2419.8,2509.0,2341.0,2500.0,2479.2,2416.25,198165,478816329.4,19889,93735,47.3, 
28-Jul-2020,INDIAMART,EQ,2442.35,2454.75,2455.0,2391.65,2407.05,2406.65,2422.01,111830,270853909.7,11117,57325,51.26, 
27-Jul-2020,INDIAMART,EQ,2455.35,2475.0,2484.95,2420.0,2444.55,2442.35,2448.29,187680,459494344.0,16023,115911,61.76, 
24-Jul-2020,INDIAMART,EQ,2437.15,2459.9,2510.0,2408.0,2460.0,2455.35,2463.47,429780,1058751116.4,40406,124261,28.91, 
23-Jul-2020,INDIAMART,EQ,2254.4,2269.8,2490.0,2260.0,2470.0,2437.15,2387.36,1093896,2611520850.6,60012,514737,47.06, 
22-Jul-2020,INDIAMART,EQ,2157.15,2350.0,2454.7,2219.4,2244.0,2254.4,2280.36,1266658,2888438870.5,60869,661739,52.24, 
21-Jul-2020,INDIAMART,EQ,2090.35,2107.6,2169.5,2107.6,2146.0,2157.15,2144.91,82536,177032102.7,5985,39858,48.29, 
20-Jul-2020,INDIAMART,EQ,2050.6,2070.0,2125.0,2060.0,2085.0,2090.35,2105.08,80949,170404401.0,6500,38911,48.07, 
17-Jul-2020,INDIAMART,EQ,2105.8,2112.0,2145.95,2035.0,2053.0,2050.6,2076.48,490749,1019030080.85,11727,395258,80.54, 
16-Jul-2020,INDIAMART,EQ,2176.5,2188.0,2188.0,2100.0,2109.0,2105.8,2110.45,69502,146680615.35,7469,47130,67.81, 
15-Jul-2020,INDIAMART,EQ,2165.1,2205.1,2205.1,2161.05,2186.1,2176.5,2179.61,63305,137980479.85,4951,38573,60.93, 
14-Jul-2020,INDIAMART,EQ,2199.9,2198.0,2198.0,2150.25,2160.05,2165.1,2169.44,36887,80024200.9,2891,27499,74.55, 
13-Jul-2020,INDIAMART,EQ,2229.4,2248.0,2248.0,2185.8,2200.05,2199.9,2200.66,342301,753288082.75,9863,308701,90.18, 
10-Jul-2020,INDIAMART,EQ,2260.85,2244.0,2275.0,2210.0,2220.0,2229.4,2250.45,49722,111896984.15,4938,25992,52.27, 
09-Jul-2020,INDIAMART,EQ,2212.05,2224.0,2266.2,2220.0,2255.0,2260.85,2248.35,82414,185295847.65,6224,43716,53.04, 
08-Jul-2020,INDIAMART,EQ,2189.3,2200.0,2257.0,2191.0,2224.0,2212.05,2223.79,108071,240326778.7,8392,59298,54.87, 
07-Jul-2020,INDIAMART,EQ,2096.05,2090.25,2213.95,2090.25,2184.0,2189.3,2152.03,246527,530533191.1,16635,113997,46.24, 
06-Jul-2020,INDIAMART,EQ,2099.85,2125.0,2134.75,2088.7,2096.9,2096.05,2098.0,156247,327805775.75,7501,96689,61.88, 
03-Jul-2020,INDIAMART,EQ,2119.95,2085.0,2136.9,2081.55,2100.0,2099.85,2103.87,183196,385421194.05,12188,95023,51.87, 
02-Jul-2020,INDIAMART,EQ,2210.3,2172.1,2193.0,2079.0,2128.25,2119.95,2122.95,568286,1206443147.05,34683,249195,43.85, 
01-Jul-2020,INDIAMART,EQ,2325.1,2324.9,2329.0,2168.0,2175.0,2210.3,2251.72,181728,409201308.45,16744,92842,51.09, 
30-Jun-2020,INDIAMART,EQ,2367.75,2350.0,2370.0,2290.15,2334.75,2325.1,2345.14,48727,114271454.9,5843,32131,65.94, 
29-Jun-2020,INDIAMART,EQ,2397.8,2393.0,2398.85,2325.35,2350.0,2367.75,2360.74,20379,48109606.7,3458,8184,40.16, 
26-Jun-2020,INDIAMART,EQ,2390.6,2390.6,2430.0,2371.0,2405.0,2397.8,2402.19,30746,73857836.25,4962,15281,49.7, 
25-Jun-2020,INDIAMART,EQ,2358.55,2320.0,2415.0,2297.45,2384.0,2390.6,2370.75,29048,68865486.45,5180,13563,46.69, 
24-Jun-2020,INDIAMART,EQ,2368.35,2397.4,2399.35,2334.0,2359.8,2358.55,2361.58,32404,76524543.2,5203,14540,44.87, 
23-Jun-2020,INDIAMART,EQ,2356.8,2365.0,2420.0,2350.0,2366.0,2368.35,2386.77,50912,121515222.95,5985,8790,48.61, 
22-Jun-2020,INDIAMART,EQ,2307.95,2308.25,2364.0,2260.15,2349.95,2356.8,2341.22,47867,112067364.5,5480,24075,50.3, 
19-Jun-2020,INDIAMART,EQ,2253.75,2280.0,2347.95,2250.6,2304.55,2307.95,2306.37,70614,162861951.55,6850,24901,35.26, 
18-Jun-2020,INDIAMART,EQ,2231.55,2230.0,2275.0,2206.6,2250.0,2253.75,2245.54,61261,137564239.0,7660,27664,45.16, 
17-Jun-2020,INDIAMART,EQ,2183.45,2191.55,2245.0,2179.85,2239.9,2231.55,2224.94,75493,167967287.5,6412,35502,47.03, 
16-Jun-2020,INDIAMART,EQ,2209.15,2244.4,2253.15,2125.95,2184.0,2183.45,2163.11,159921,345926540.35,8267,101079,63.21, 
15-Jun-2020,INDIAMART,EQ,2274.8,2250.0,2298.5,2200.0,2211.95,2209.15,2226.05,71718,159648042.45,4515,52592,73.33, 
12-Jun-2020,INDIAMART,EQ,2274.25,2160.0,2305.0,2160.0,2276.0,2274.8,2245.12,37180,83473381.65,5329,14096,37.91, 
11-Jun-2020,INDIAMART,EQ,2379.2,2378.8,2387.9,2250.05,2299.0,2274.25,2324.47,110700,257318846.65,12475,56768,51.28, 
10-Jun-2020,INDIAMART,EQ,2357.95,2380.0,2398.0,2346.65,2365.0,2379.2,2359.91,192962,455373861.0,4745,172334,89.31, 
09-Jun-2020,INDIAMART,EQ,2306.75,2310.0,2399.0,2310.0,2355.0,2357.95,2355.64,77696,183023588.7,10105,32061,41.26, 
08-Jun-2020,INDIAMART,EQ,2330.95,2331.0,2366.95,2265.0,2310.0,2306.75,2303.52,149622,344657691.55,11078,84045,56.17, 
05-Jun-2020,INDIAMART,EQ,2332.15,2350.0,2370.0,2270.0,2328.65,2330.95,2313.87,62296,144144751.95,9006,26875,43.14, 
04-Jun-2020,INDIAMART,EQ,2331.3,2344.0,2375.0,2322.0,2337.95,2332.15,2345.4,61585,144441551.6,4285,34724,56.38, 
03-Jun-2020,INDIAMART,EQ,2466.9,2478.0,2516.05,2311.0,2321.0,2331.3,2362.03,238066,562319843.75,19140,127135,53.4, 
02-Jun-2020,INDIAMART,EQ,2545.0,2549.0,2590.7,2455.0,2480.0,2466.9,2521.24,80741,203567643.8,9316,35012,43.36, 
01-Jun-2020,INDIAMART,EQ,2477.4,2499.0,2549.0,2499.0,2549.0,2545.0,2531.6,48247,122142109.1,6774,19276,39.95, 
29-May-2020,INDIAMART,EQ,2357.95,2366.75,2499.0,2320.75,2494.95,2477.4,2436.2,186284,453825350.5,14552,127320,68.35, 
28-May-2020,INDIAMART,EQ,2422.55,2440.0,2474.45,2350.0,2360.0,2357.95,2397.25,124160,297642085.75,6654,90040,72.52, 
27-May-2020,INDIAMART,EQ,2491.2,2491.2,2491.2,2400.0,2434.0,2422.55,2441.53,32774,80018625.1,4498,12369,37.74, 
26-May-2020,INDIAMART,EQ,2539.85,2557.0,2562.0,2455.0,2468.95,2491.2,2513.85,53679,134940923.3,7071,27629,51.47, 
22-May-2020,INDIAMART,EQ,2506.35,2525.0,2563.45,2442.0,2531.0,2539.85,2509.37,91915,230649052.05,9016,36641,39.86, 
21-May-2020,INDIAMART,EQ,2388.8,2409.0,2544.4,2400.0,2535.0,2506.35,2480.43,171344,425006512.05,11154,71224,41.57, 
20-May-2020,INDIAMART,EQ,2357.55,2375.0,2404.7,2352.65,2392.0,2388.8,2389.6,48158,115078295.45,5570,26487,55.0, 
19-May-2020,INDIAMART,EQ,2282.6,2319.6,2379.0,2282.75,2379.0,2357.55,2348.39,59301,139261871.4,6569,25763,43.44, 
18-May-2020,INDIAMART,EQ,2297.35,2318.8,2374.95,2241.0,2320.0,2282.6,2314.83,145230,336182745.4,18434,36871,25.39, 
15-May-2020,INDIAMART,EQ,2211.7,2232.0,2319.0,2202.25,2299.0,2297.35,2282.79,120252,274509845.35,15037,31001,25.78, 
14-May-2020,INDIAMART,EQ,2200.05,2139.95,2220.0,2101.0,2219.0,2211.7,2176.57,78666,171222340.05,8177,29096,36.99, 
13-May-2020,INDIAMART,EQ,2194.4,2417.0,2418.0,2171.0,2204.9,2200.05,2268.15,201228,456414963.2,21282,93135,46.28, 
12-May-2020,INDIAMART,EQ,2253.0,2270.0,2274.8,2127.05,2198.0,2194.4,2192.6,47123,103321677.45,6488,15891,33.72, 
11-May-2020,INDIAMART,EQ,2362.95,2374.9,2420.0,2231.0,2269.85,2253.0,2306.23,56362,129983908.15,6541,25318,44.92, 
08-May-2020,INDIAMART,EQ,2345.4,2364.0,2418.8,2348.45,2363.65,2362.95,2385.7,34846,83131928.9,4995,7511,21.55, 
07-May-2020,INDIAMART,EQ,2337.7,2337.7,2381.95,2320.0,2346.0,2345.4,2352.97,19912,46852402.8,2656,5663,28.44, 
06-May-2020,INDIAMART,EQ,2369.55,2400.0,2420.0,2311.25,2326.0,2337.7,2343.31,41801,97952606.9,7053,10841,25.93, 
05-May-2020,INDIAMART,EQ,2264.45,2301.0,2465.4,2301.0,2390.0,2369.55,2390.77,103196,246718244.35,13117,28950,28.05, 
04-May-2020,INDIAMART,EQ,2247.55,2190.0,2284.0,2190.0,2272.0,2264.45,2249.13,41366,93037383.75,6243,14358,34.71, 
30-Apr-2020,INDIAMART,EQ,2261.25,2263.1,2289.0,2198.6,2254.4,2247.55,2247.62,54332,122117791.35,7371,24647,45.36, 
29-Apr-2020,INDIAMART,EQ,2237.35,2216.0,2289.0,2216.0,2258.95,2261.25,2251.78,43826,98686621.7,4793,23919,54.58, 
28-Apr-2020,INDIAMART,EQ,2230.5,2235.0,2260.0,2155.5,2231.0,2237.35,2225.78,30961,68912319.7,4794,12628,40.79, 
27-Apr-2020,INDIAMART,EQ,2188.8,2187.05,2275.0,2187.0,2226.0,2230.5,2236.89,42755,95638156.05,7271,12008,28.09, 
24-Apr-2020,INDIAMART,EQ,2237.8,2230.0,2264.0,2175.0,2190.0,2188.8,2209.84,17131,37856720.7,2826,7409,43.25, 
23-Apr-2020,INDIAMART,EQ,2270.45,2271.0,2284.3,2226.2,2235.0,2237.8,2254.19,11758,26504805.65,2285,5267,44.8, 
22-Apr-2020,INDIAMART,EQ,2198.8,2169.0,2319.0,2169.0,2260.0,2270.45,2256.18,34837,78598599.7,5341,13521,38.81, 
21-Apr-2020,INDIAMART,EQ,2214.85,2145.0,2210.0,2145.0,2199.0,2198.8,2194.82,36379,79845476.05,5320,21771,59.84, 
20-Apr-2020,INDIAMART,EQ,2238.1,2240.0,2269.95,2150.0,2215.05,2214.85,2226.3,38062,84737353.65,6654,24715,64.93, 
17-Apr-2020,INDIAMART,EQ,2190.85,2295.1,2300.0,2193.45,2240.0,2238.1,2224.0,33498,74499492.4,7787,18789,56.09, 
16-Apr-2020,INDIAMART,EQ,2118.6,2118.6,2218.6,2107.05,2200.0,2190.85,2190.27,24278,53175382.2,4258,11939,49.18, 
15-Apr-2020,INDIAMART,EQ,2200.35,2201.0,2252.9,2109.0,2117.0,2118.6,2195.16,84756,186053231.25,5615,71377,84.21, 
13-Apr-2020,INDIAMART,EQ,2246.0,2246.0,2269.9,2189.5,2200.0,2200.35,2213.97,35351,78266146.7,9005,19848,56.15, 
09-Apr-2020,INDIAMART,EQ,2207.75,2274.0,2274.95,2224.1,2247.0,2246.0,2253.61,24927,56175817.35,4615,11344,45.51, 
08-Apr-2020,INDIAMART,EQ,2164.05,2160.0,2290.0,2110.0,2203.05,2207.75,2191.06,47463,103994101.65,7156,20313,42.8, 
07-Apr-2020,INDIAMART,EQ,1999.85,2050.0,2180.0,2020.0,2150.0,2164.05,2089.26,67630,141296374.0,8615,42143,62.31, 
03-Apr-2020,INDIAMART,EQ,2024.35,2020.0,2065.95,1975.0,1999.0,1999.85,2018.85,34961,70581145.05,10087,17284,49.44, 
01-Apr-2020,INDIAMART,EQ,1936.4,1910.0,2065.75,1910.0,2021.15,2024.35,1974.84,84110,166103756.8,9094,52244,62.11, 
31-Mar-2020,INDIAMART,EQ,1843.65,1900.0,1959.0,1870.0,1938.95,1936.4,1912.19,30477,58277763.65,4885,15540,50.99, 
30-Mar-2020,INDIAMART,EQ,1846.85,1802.0,1924.5,1775.0,1867.0,1843.65,1848.28,52708,97419264.4,8837,24539,46.56, 
27-Mar-2020,INDIAMART,EQ,1856.9,1970.0,1984.0,1811.0,1844.25,1846.85,1882.47,45664,85961156.75,8186,22908,50.17, 
26-Mar-2020,INDIAMART,EQ,1744.0,1725.0,1970.0,1700.0,1859.0,1856.9,1849.1,68736,127099973.4,12109,32154,46.78, 
25-Mar-2020,INDIAMART,EQ,1892.35,1890.0,1939.95,1641.05,1680.0,1744.0,1779.15,65953,117340537.1,17220,30874,46.81, 
24-Mar-2020,INDIAMART,EQ,1883.3,1900.0,2099.0,1780.0,1890.0,1892.35,1864.15,59286,110517934.25,12743,30119,50.8, 
23-Mar-2020,INDIAMART,EQ,2213.15,1900.0,2048.8,1820.0,1850.0,1883.3,1919.9,56761,108975441.4,9579,31098,54.79, 
20-Mar-2020,INDIAMART,EQ,1993.7,1951.05,2238.1,1910.0,2201.35,2213.15,2098.61,55858,117224259.45,8923,17962,32.16, 
19-Mar-2020,INDIAMART,EQ,2106.4,1910.0,2105.0,1870.0,1950.0,1993.7,1964.86,74959,147283651.65,11595,23261,31.03, 
18-Mar-2020,INDIAMART,EQ,2266.3,2314.5,2319.95,1960.0,2103.9,2106.4,2089.57,88752,185453278.25,13993,36562,41.2, 
17-Mar-2020,INDIAMART,EQ,2300.5,2255.0,2330.0,2223.8,2252.0,2266.3,2288.08,82884,189645372.5,8505,50180,60.54, 
16-Mar-2020,INDIAMART,EQ,2383.5,2350.0,2350.0,2144.45,2302.0,2300.5,2257.41,104223,235274273.65,15130,45277,43.44, 
13-Mar-2020,INDIAMART,EQ,2285.8,2220.0,2450.2,1900.0,2390.0,2383.5,2296.51,83625,192045305.35,12638,32307,38.63, 
12-Mar-2020,INDIAMART,EQ,2507.9,2385.0,2439.95,2230.0,2337.0,2285.8,2341.88,106962,250491796.3,24007,49749,46.51, 
11-Mar-2020,INDIAMART,EQ,2413.35,2380.0,2529.9,2352.05,2485.0,2507.9,2452.04,62452,153134760.2,11376,20740,33.21, 
09-Mar-2020,INDIAMART,EQ,2545.0,2500.0,2546.95,2320.0,2401.0,2413.35,2423.53,100538,243656541.85,18385,49248,48.98, 
06-Mar-2020,INDIAMART,EQ,2622.85,2510.0,2641.95,2461.6,2567.0,2545.0,2574.56,96850,249345891.95,17966,46869,48.39, 
05-Mar-2020,INDIAMART,EQ,2527.2,2526.0,2698.0,2506.3,2618.0,2622.85,2608.11,85919,224086293.7,14340,31258,36.38, 
04-Mar-2020,INDIAMART,EQ,2578.7,2615.0,2620.0,2434.9,2493.0,2527.2,2514.62,91103,229089321.35,15735,35169,38.6, 
03-Mar-2020,INDIAMART,EQ,2436.65,2498.0,2625.0,2470.6,2618.05,2578.7,2529.81,54090,136837409.15,9070,22808,42.17, 
02-Mar-2020,INDIAMART,EQ,2405.95,2499.0,2547.95,2370.0,2434.85,2436.65,2481.15,89500,222063023.6,10464,35164,39.29, 
28-Feb-2020,INDIAMART,EQ,2457.45,2355.0,2478.9,2315.55,2415.0,2405.95,2388.74,138856,331690956.05,16992,70398,50.7, 
27-Feb-2020,INDIAMART,EQ,2574.1,2586.0,2598.95,2332.0,2465.0,2457.45,2453.53,207452,508990368.35,19806,107001,51.58, 
26-Feb-2020,INDIAMART,EQ,2594.25,2588.0,2646.85,2528.85,2572.7,2574.1,2586.55,99805,258150992.3,11204,53849,53.95, 
25-Feb-2020,INDIAMART,EQ,2662.85,2696.0,2724.9,2550.0,2588.0,2594.25,2612.28,136227,355863014.25,19669,63476,46.6, 
24-Feb-2020,INDIAMART,EQ,2609.35,2616.0,2727.45,2600.05,2646.85,2662.85,2679.59,206450,553201650.35,31409,95876,46.44, 
20-Feb-2020,INDIAMART,EQ,2535.95,2574.9,2862.5,2550.0,2616.0,2609.35,2693.61,397297,1070161759.7,39850,153076,38.53, 
19-Feb-2020,INDIAMART,EQ,2468.2,2480.3,2550.0,2461.55,2524.0,2535.95,2517.84,78896,198647428.15,7764,29963,37.98, 
18-Feb-2020,INDIAMART,EQ,2456.0,2450.0,2488.3,2364.75,2455.0,2468.2,2424.95,97499,236430651.25,7877,40490,41.53, 
17-Feb-2020,INDIAMART,EQ,2501.75,2520.0,2586.6,2430.65,2450.0,2456.0,2522.48,171848,433482418.15,13914,63658,37.04, 
14-Feb-2020,INDIAMART,EQ,2430.7,2440.0,2525.0,2433.05,2501.3,2501.75,2492.74,161616,402866733.85,13027,75148,46.5, 
13-Feb-2020,INDIAMART,EQ,2421.55,2436.1,2449.85,2400.0,2438.0,2430.7,2428.76,44955,109185109.65,3597,22991,51.14, 
12-Feb-2020,INDIAMART,EQ,2362.5,2365.0,2475.0,2345.0,2425.0,2421.55,2439.64,144932,353581419.1,12146,63580,43.87, 
11-Feb-2020,INDIAMART,EQ,2411.55,2414.0,2444.9,2352.6,2363.05,2362.5,2406.11,24981,60107157.4,2904,13635,54.58, 
10-Feb-2020,INDIAMART,EQ,2423.25,2433.0,2445.05,2390.05,2401.0,2411.55,2414.68,28805,69554919.2,3159,14473,50.24, 
07-Feb-2020,INDIAMART,EQ,2440.75,2450.0,2464.95,2405.55,2418.0,2423.25,2436.42,38006,92598647.55,4722,16909,44.49, 
06-Feb-2020,INDIAMART,EQ,2398.65,2398.65,2449.9,2395.0,2432.0,2440.75,2426.07,46145,111950960.15,6647,22295,48.32, 
05-Feb-2020,INDIAMART,EQ,2363.75,2387.0,2459.95,2380.05,2396.0,2398.65,2417.84,48150,116418764.25,5067,24233,50.33, 
04-Feb-2020,INDIAMART,EQ,2323.9,2318.0,2499.9,2306.5,2369.85,2363.75,2418.54,210467,509023716.5,17490,79962,37.99, 
03-Feb-2020,INDIAMART,EQ,2307.95,2271.0,2350.0,2222.0,2318.0,2323.9,2307.86,41528,95840973.6,7218,16493,39.72, 
01-Feb-2020,INDIAMART,EQ,2334.55,2355.0,2355.45,2270.0,2270.0,2307.95,2298.8,35043,80557013.8,3453,20001,57.08, 
31-Jan-2020,INDIAMART,EQ,2319.1,2349.0,2378.0,2305.0,2318.65,2334.55,2347.12,47390,111230149.4,5960,22174,46.79, 
30-Jan-2020,INDIAMART,EQ,2338.15,2349.0,2350.0,2283.1,2335.0,2319.1,2321.81,42039,97606377.9,5373,15939,37.91, 
29-Jan-2020,INDIAMART,EQ,2336.4,2350.0,2358.45,2320.0,2339.0,2338.15,2338.76,20585,48143327.8,2138,7200,34.98, 
28-Jan-2020,INDIAMART,EQ,2328.2,2350.0,2386.95,2312.0,2345.0,2336.4,2350.92,39524,92917881.45,3894,9294,23.51, 
27-Jan-2020,INDIAMART,EQ,2360.6,2360.6,2400.0,2302.8,2334.0,2328.2,2354.81,88530,208471318.05,7678,23073,26.06, 
24-Jan-2020,INDIAMART,EQ,2342.4,2350.0,2394.9,2326.55,2370.0,2360.6,2353.48,75672,178092839.8,7218,28006,37.01, 
23-Jan-2020,INDIAMART,EQ,2379.4,2408.0,2444.2,2316.5,2360.0,2342.4,2375.86,189035,449121216.4,16892,30668,16.22, 
22-Jan-2020,INDIAMART,EQ,2092.75,2233.0,2478.0,2233.0,2382.0,2379.4,2375.83,815728,1938035082.4,64799,119132,14.6, 
21-Jan-2020,INDIAMART,EQ,2133.35,2100.0,2164.55,2061.2,2075.0,2092.75,2124.11,25896,55006014.25,2736,11083,42.8, 
20-Jan-2020,INDIAMART,EQ,2139.7,2194.9,2210.0,2111.0,2125.0,2133.35,2167.14,46419,100596509.7,4819,19365,41.72, 
17-Jan-2020,INDIAMART,EQ,2009.1,2025.0,2179.9,2001.7,2164.9,2139.7,2097.77,96945,203368117.7,8255,56145,57.91, 
16-Jan-2020,INDIAMART,EQ,2027.3,2030.45,2034.8,2005.0,2011.0,2009.1,2016.03,10036,20232852.3,1256,6171,61.49, 
15-Jan-2020,INDIAMART,EQ,2010.3,2018.8,2044.05,2010.05,2029.0,2027.3,2028.78,10833,21977765.5,1443,4326,39.93, 
14-Jan-2020,INDIAMART,EQ,2060.85,2062.65,2077.9,2007.1,2018.0,2010.3,2024.87,24658,49929249.3,2049,17958,72.83, 
13-Jan-2020,INDIAMART,EQ,2044.45,2060.0,2085.0,2040.05,2062.65,2060.85,2064.38,11629,24006688.0,1511,3387,29.13, 
10-Jan-2020,INDIAMART,EQ,2003.4,2020.0,2089.0,2016.0,2045.0,2044.45,2057.06,25266,51973765.65,3387,9073,35.91, 
09-Jan-2020,INDIAMART,EQ,2016.9,2035.0,2060.0,2000.0,2004.0,2003.4,2018.56,21770,43944133.9,3350,11183,51.37, 
08-Jan-2020,INDIAMART,EQ,2037.9,2030.0,2065.0,2001.0,2019.95,2016.9,2025.68,20219,40957132.35,3232,10988,54.34, 
07-Jan-2020,INDIAMART,EQ,2039.9,2045.0,2074.0,2027.0,2030.1,2037.9,2054.35,9975,20492168.5,1404,4408,44.19, 
06-Jan-2020,INDIAMART,EQ,2076.9,2080.0,2096.0,2015.0,2024.5,2039.9,2069.92,23094,47802762.7,3793,13335,57.74, 
03-Jan-2020,INDIAMART,EQ,2047.5,2047.55,2143.95,2043.05,2078.8,2076.9,2098.28,54320,113978726.65,5858,17497,32.21, 
02-Jan-2020,INDIAMART,EQ,2058.65,2063.0,2072.9,2037.95,2041.0,2047.5,2049.67,13594,27863190.45,1369,8966,65.96, 
01-Jan-2020,INDIAMART,EQ,2065.95,2070.0,2080.0,2045.0,2060.0,2058.65,2061.55,6972,14373158.05,837,3299,47.32, 
31-Dec-2019,INDIAMART,EQ,2059.25,2083.9,2083.9,2058.0,2061.0,2065.95,2071.07,11629,24084426.2,1197,5199,44.71, 
30-Dec-2019,INDIAMART,EQ,2072.7,2070.0,2087.95,2051.0,2060.0,2059.25,2068.12,11899,24608553.05,1455,4951,41.61, 
27-Dec-2019,INDIAMART,EQ,2081.5,2089.0,2106.9,2060.0,2070.0,2072.7,2080.84,59933,124710909.1,1941,46842,78.16, 
26-Dec-2019,INDIAMART,EQ,2090.95,2072.0,2131.95,2066.3,2066.35,2081.5,2097.44,42233,88580973.05,4069,11754,27.83, 
24-Dec-2019,INDIAMART,EQ,2140.55,2154.4,2195.0,2060.0,2074.0,2090.95,2132.52,127544,271990591.3,11195,24791,19.44, 
23-Dec-2019,INDIAMART,EQ,1985.0,2055.0,2175.0,2028.0,2128.85,2140.55,2121.07,221410,469626769.45,19130,28381,12.82, 
20-Dec-2019,INDIAMART,EQ,1992.8,2000.0,2025.05,1962.0,1980.0,1985.0,2002.93,10967,21966151.2,1263,3989,36.37, 
19-Dec-2019,INDIAMART,EQ,2020.4,2024.55,2035.0,1961.9,1993.0,1992.8,1988.87,17055,33920211.2,1867,6746,39.55, 
18-Dec-2019,INDIAMART,EQ,2020.3,2037.2,2045.0,2015.0,2018.6,2020.4,2026.12,6981,14144351.85,899,2845,40.75, 
17-Dec-2019,INDIAMART,EQ,2025.4,2039.85,2060.0,2005.6,2020.1,2020.3,2033.66,12185,24780117.15,1470,3787,31.08, 
16-Dec-2019,INDIAMART,EQ,2113.0,2082.0,2108.35,2000.0,2025.0,2025.4,2041.53,20895,42657815.85,3096,9207,44.06, 
13-Dec-2019,INDIAMART,EQ,2084.85,2090.0,2137.95,2080.65,2080.65,2113.0,2117.34,9962,21092971.65,1297,2925,29.36, 
12-Dec-2019,INDIAMART,EQ,2009.9,2050.0,2137.8,2025.55,2085.1,2084.85,2096.5,28566,59888683.95,3488,7851,27.48, 
11-Dec-2019,INDIAMART,EQ,2004.2,2021.2,2050.0,1980.05,2038.0,2009.9,2011.9,15127,30434037.7,1966,6075,40.16, 
10-Dec-2019,INDIAMART,EQ,2122.95,2163.9,2163.9,1985.05,2004.1,2004.2,2042.82,42794,87420255.3,6331,22569,52.74, 
09-Dec-2019,INDIAMART,EQ,2130.95,2101.35,2158.55,2080.0,2130.0,2122.95,2122.0,16220,34418822.4,2993,5600,34.53, 
06-Dec-2019,INDIAMART,EQ,2167.65,2170.0,2178.9,2115.05,2131.0,2130.95,2133.77,13654,29134469.95,3003,7729,56.61, 
05-Dec-2019,INDIAMART,EQ,2188.4,2188.4,2198.5,2155.0,2165.0,2167.65,2167.2,21297,46154876.2,2104,12287,57.69, 
04-Dec-2019,INDIAMART,EQ,2195.6,2188.0,2200.0,2125.05,2195.0,2188.4,2173.4,25358,55112985.35,2858,11683,46.07, 
03-Dec-2019,INDIAMART,EQ,2191.1,2188.0,2225.0,2153.3,2182.5,2195.6,2199.79,103524,227731291.9,7340,67876,65.57, 
02-Dec-2019,INDIAMART,EQ,2155.2,2160.0,2200.0,2150.0,2199.9,2191.1,2180.25,33720,73518012.2,4921,14759,43.77, 
29-Nov-2019,INDIAMART,EQ,2158.45,2156.6,2175.0,2143.4,2150.05,2155.2,2156.7,19111,41216700.7,2614,9772,51.13, 
28-Nov-2019,INDIAMART,EQ,2164.2,2170.0,2179.95,2149.75,2155.0,2158.45,2156.89,26617,57409859.2,4058,14146,53.15, 
27-Nov-2019,INDIAMART,EQ,2152.05,2172.2,2189.4,2135.0,2167.8,2164.2,2159.89,35740,77194507.5,3579,17254,48.28, 
26-Nov-2019,INDIAMART,EQ,2108.2,2110.0,2176.9,2109.15,2160.0,2152.05,2144.67,52343,112258524.25,11477,26225,50.1, 
25-Nov-2019,INDIAMART,EQ,2142.4,2159.75,2199.0,2096.0,2102.0,2108.2,2128.94,47436,100988203.55,6688,20308,42.81, 
22-Nov-2019,INDIAMART,EQ,2060.3,2080.0,2173.0,2056.0,2150.0,2142.4,2117.4,87331,184914826.7,5957,41613,47.65, 
21-Nov-2019,INDIAMART,EQ,2052.85,2073.35,2083.0,2052.0,2053.0,2060.3,2060.86,37995,78302345.35,2509,16797,44.21, 
20-Nov-2019,INDIAMART,EQ,2018.65,2030.95,2115.0,2030.95,2050.0,2052.85,2070.1,77035,159470166.95,6615,38398,49.84, 
19-Nov-2019,INDIAMART,EQ,1916.05,1925.0,2025.0,1925.0,2015.0,2018.65,1998.81,91626,183143108.7,9078,36502,39.84, 
18-Nov-2019,INDIAMART,EQ,1926.9,1930.0,1966.0,1900.25,1923.9,1916.05,1923.85,27453,52815384.2,2857,7580,27.61, 
15-Nov-2019,INDIAMART,EQ,1985.35,1999.95,2004.8,1909.0,1926.0,1926.9,1941.85,41437,80464377.35,3767,13619,32.87, 
14-Nov-2019,INDIAMART,EQ,2001.4,2008.9,2062.0,1926.0,1981.0,1985.35,1998.36,64539,128972404.45,4903,20521,31.8, 
13-Nov-2019,INDIAMART,EQ,1947.05,2012.1,2100.0,1980.0,1997.8,2001.4,2046.99,173879,355928665.05,14151,46674,26.84, 
11-Nov-2019,INDIAMART,EQ,1750.5,1755.0,1989.8,1753.0,1975.0,1947.05,1888.8,223031,421261733.2,17508,83389,37.39, 
08-Nov-2019,INDIAMART,EQ,1740.0,1741.0,1775.0,1741.0,1752.0,1750.5,1753.89,86142,151083315.45,3999,56487,65.57, 
07-Nov-2019,INDIAMART,EQ,1735.3,1733.0,1757.2,1730.0,1750.0,1740.0,1740.11,70575,122808484.65,6806,61288,86.84, 
06-Nov-2019,INDIAMART,EQ,1784.5,1779.0,1822.0,1728.0,1734.9,1735.3,1773.08,43537,77194719.2,4546,22507,51.7, 
05-Nov-2019,INDIAMART,EQ,1825.3,1835.0,1839.5,1776.05,1782.0,1784.5,1800.22,34593,62275108.5,3346,17807,51.48, 
04-Nov-2019,INDIAMART,EQ,1842.95,1857.0,1868.7,1812.0,1826.0,1825.3,1835.53,30047,55152165.6,2887,11764,39.15, 
01-Nov-2019,INDIAMART,EQ,1858.65,1869.75,1905.0,1832.85,1841.0,1842.95,1856.29,32627,60565216.2,2829,12098,37.08, 
31-Oct-2019,INDIAMART,EQ,1863.1,1882.0,1911.95,1851.0,1858.0,1858.65,1875.58,37892,71069651.85,4114,16387,43.25, 
30-Oct-2019,INDIAMART,EQ,1840.35,1849.0,1927.0,1831.1,1885.0,1863.1,1884.39,64453,121454523.95,5502,21111,32.75, 
29-Oct-2019,INDIAMART,EQ,1861.2,1890.0,1910.0,1825.0,1840.5,1840.35,1847.21,29806,55057802.75,4190,13984,46.92, 
27-Oct-2019,INDIAMART,EQ,1824.15,1850.0,1876.95,1830.0,1865.0,1861.2,1859.93,12104,22512615.1,1312,7114,58.77, 
25-Oct-2019,INDIAMART,EQ,1875.3,1875.3,1928.6,1800.55,1850.0,1824.15,1854.15,56930,105557007.25,5045,24087,42.31, 
24-Oct-2019,INDIAMART,EQ,1994.3,1990.0,1990.0,1787.15,1872.0,1875.3,1869.26,150959,282181910.2,15031,53180,35.23, 
23-Oct-2019,INDIAMART,EQ,2032.05,2080.0,2098.0,1961.3,1992.0,1994.3,2026.54,88432,179210948.4,9183,35338,39.96, 
22-Oct-2019,INDIAMART,EQ,2020.4,2038.0,2071.0,2010.0,2035.0,2032.05,2042.82,55187,112737138.45,4874,30939,56.06, 
18-Oct-2019,INDIAMART,EQ,2016.45,2026.0,2079.5,2000.0,2020.0,2020.4,2043.18,37760,77150405.3,3709,10492,27.79, 
17-Oct-2019,INDIAMART,EQ,2019.0,2039.0,2134.0,1960.0,2005.0,2016.45,2040.91,133268,271988282.4,13269,45718,34.31, 
16-Oct-2019,INDIAMART,EQ,2092.95,2099.45,2099.45,2011.0,2020.0,2019.0,2044.44,43007,87925098.7,4319,17428,40.52, 
15-Oct-2019,INDIAMART,EQ,2163.15,2186.0,2205.05,2025.65,2080.0,2092.95,2131.54,71714,152861306.0,9137,28306,39.47, 
14-Oct-2019,INDIAMART,EQ,2164.15,2200.0,2240.0,2133.65,2165.0,2163.15,2186.96,36663,80180389.55,3784,13359,36.44, 
11-Oct-2019,INDIAMART,EQ,2196.65,2229.9,2278.0,2145.15,2165.0,2164.15,2200.88,49589,109139397.2,6395,14012,28.26, 
10-Oct-2019,INDIAMART,EQ,2264.05,2249.8,2299.0,2001.0,2195.0,2196.65,2224.88,113933,253487424.1,15242,31003,27.21, 
09-Oct-2019,INDIAMART,EQ,1920.05,1933.0,2304.05,1933.0,2225.0,2264.05,2179.24,289700,631327005.75,30692,76606,26.44, 
07-Oct-2019,INDIAMART,EQ,1919.4,1900.0,1930.0,1872.05,1921.9,1920.05,1916.71,15621,29940994.15,2226,8744,55.98, 
04-Oct-2019,INDIAMART,EQ,1863.85,1903.95,1938.7,1880.0,1900.0,1919.4,1906.86,34455,65700716.65,6554,16154,46.88, 
03-Oct-2019,INDIAMART,EQ,1788.55,1799.5,1893.0,1737.25,1885.0,1863.85,1816.61,31152,56591091.95,4594,13223,42.45, 
01-Oct-2019,INDIAMART,EQ,1769.05,1780.0,1841.4,1765.25,1780.0,1788.55,1795.59,39092,70193295.8,2758,24591,62.91, 
30-Sep-2019,INDIAMART,EQ,1892.35,1917.0,1917.0,1765.25,1770.0,1769.05,1817.15,33238,60398400.6,2786,16438,49.46, 
27-Sep-2019,INDIAMART,EQ,1904.35,1925.0,1940.0,1877.0,1888.0,1892.35,1907.18,40352,76958675.05,4959,15641,38.76, 
26-Sep-2019,INDIAMART,EQ,1875.45,1885.0,1944.85,1879.3,1893.0,1904.35,1910.41,48596,92838167.8,4466,17094,35.18, 
25-Sep-2019,INDIAMART,EQ,1857.9,1880.0,1970.0,1843.1,1860.0,1875.45,1914.77,113431,217194699.75,10964,50887,44.86, 
24-Sep-2019,INDIAMART,EQ,1700.7,1701.95,1892.2,1692.0,1870.0,1857.9,1787.45,186685,333690181.5,11896,102681,55.0, 
23-Sep-2019,INDIAMART,EQ,1684.65,1690.0,1723.95,1670.45,1700.0,1700.7,1703.67,98823,168361997.95,8417,75165,76.06, 
20-Sep-2019,INDIAMART,EQ,1629.45,1649.95,1739.9,1603.05,1678.0,1684.65,1679.9,103485,173844521.8,8547,57912,55.96, 
19-Sep-2019,INDIAMART,EQ,1745.35,1751.0,1779.3,1581.1,1613.0,1629.45,1687.4,145430,245398296.7,10705,91395,62.84, 
18-Sep-2019,INDIAMART,EQ,1691.9,1707.0,1783.4,1699.9,1750.0,1745.35,1742.71,131686,229490120.05,16571,48949,37.17, 
17-Sep-2019,INDIAMART,EQ,1650.2,1650.0,1722.0,1640.1,1675.0,1691.9,1692.14,129004,218292201.35,14027,70436,54.6, 
16-Sep-2019,INDIAMART,EQ,1623.5,1623.5,1665.0,1600.0,1650.0,1650.2,1637.39,49344,80795573.4,4778,22115,44.82, 
13-Sep-2019,INDIAMART,EQ,1617.95,1629.9,1665.0,1587.95,1618.0,1623.5,1624.39,100289,162908199.75,3906,45180,45.05, 
12-Sep-2019,INDIAMART,EQ,1600.3,1615.0,1650.0,1541.0,1623.45,1617.95,1609.67,97318,156650035.3,5463,41038,42.17, 
11-Sep-2019,INDIAMART,EQ,1610.7,1603.0,1671.9,1582.25,1587.0,1600.3,1631.76,251858,410972477.3,25239,83925,33.32, 
09-Sep-2019,INDIAMART,EQ,1447.2,1463.35,1715.0,1450.1,1585.0,1610.7,1594.81,686412,1094695534.5,43991,132217,19.26, 
06-Sep-2019,INDIAMART,EQ,1236.15,1239.95,1483.35,1237.0,1483.35,1447.2,1358.54,273080,370989935.35,13993,117680,43.09, 
05-Sep-2019,INDIAMART,EQ,1220.35,1234.7,1249.9,1217.3,1230.5,1236.15,1226.59,123770,151815627.75,2357,111333,89.95, 
04-Sep-2019,INDIAMART,EQ,1200.05,1213.9,1250.0,1193.1,1225.0,1220.35,1221.53,57802,70607154.0,3330,44979,77.82, 
03-Sep-2019,INDIAMART,EQ,1200.05,1199.95,1210.0,1160.0,1200.25,1200.05,1195.05,15044,17978383.25,1083,8436,56.08, 
30-Aug-2019,INDIAMART,EQ,1187.8,1171.25,1209.85,1130.3,1200.0,1200.05,1197.22,44996,53870193.75,3124,31828,70.74, 
29-Aug-2019,INDIAMART,EQ,1159.3,1163.85,1206.4,1145.25,1183.1,1187.8,1178.69,41111,48457080.3,3442,24935,60.65, 
28-Aug-2019,INDIAMART,EQ,1174.05,1170.0,1180.0,1148.1,1167.95,1159.3,1163.36,10213,11881432.1,1602,5220,51.11, 
27-Aug-2019,INDIAMART,EQ,1160.3,1176.7,1185.0,1160.0,1169.0,1174.05,1173.24,28571,33520636.9,1402,20308,71.08, 
26-Aug-2019,INDIAMART,EQ,1152.7,1179.9,1179.9,1150.0,1160.0,1160.3,1161.37,14096,16370668.95,1257,9989,70.86, 
23-Aug-2019,INDIAMART,EQ,1150.3,1150.0,1160.0,1130.05,1150.0,1152.7,1152.44,7353,8473916.25,1144,4090,55.62, 
22-Aug-2019,INDIAMART,EQ,1147.95,1147.95,1160.0,1110.0,1150.0,1150.3,1143.26,16447,18803208.4,1592,10661,64.82, 
21-Aug-2019,INDIAMART,EQ,1165.5,1173.95,1173.95,1140.0,1150.0,1147.95,1156.29,6731,7783007.2,733,2591,38.49, 
20-Aug-2019,INDIAMART,EQ,1176.45,1184.0,1194.95,1155.2,1160.0,1165.5,1174.49,12324,14474430.95,948,5721,46.42, 
19-Aug-2019,INDIAMART,EQ,1149.9,1150.25,1180.0,1147.95,1175.0,1176.45,1169.71,27460,32120210.35,1239,18522,67.45, 
16-Aug-2019,INDIAMART,EQ,1132.6,1130.0,1170.0,1114.8,1150.0,1149.9,1150.59,21968,25276248.1,1766,8379,38.14, 
14-Aug-2019,INDIAMART,EQ,1160.25,1174.75,1174.75,1106.55,1134.9,1132.6,1139.26,18703,21307602.0,1272,11028,58.96, 
13-Aug-2019,INDIAMART,EQ,1170.3,1184.0,1187.0,1152.05,1152.05,1160.25,1174.05,38004,44618419.7,2250,30226,79.53, 
09-Aug-2019,INDIAMART,EQ,1170.05,1175.0,1198.0,1154.75,1170.0,1170.3,1173.71,21870,25668967.75,1935,12046,55.08, 
08-Aug-2019,INDIAMART,EQ,1199.95,1197.0,1201.95,1102.95,1162.35,1170.05,1162.22,42802,49745341.65,4284,20571,48.06, 
07-Aug-2019,INDIAMART,EQ,1193.3,1207.0,1207.0,1192.0,1200.9,1199.95,1196.57,101004,120857987.25,2092,92009,91.09, 
06-Aug-2019,INDIAMART,EQ,1190.1,1188.0,1208.5,1185.5,1195.0,1193.3,1195.96,23403,27988995.65,2530,14568,62.25, 
05-Aug-2019,INDIAMART,EQ,1229.5,1225.0,1225.05,1184.0,1185.5,1190.1,1196.91,47072,56340779.95,2753,28055,59.6, 
02-Aug-2019,INDIAMART,EQ,1217.35,1229.0,1242.0,1194.05,1227.5,1229.5,1215.66,187393,227805734.4,6614,159802,85.28, 
01-Aug-2019,INDIAMART,EQ,1203.7,1260.0,1275.85,1200.0,1215.0,1217.35,1232.57,295616,364367793.45,16523,218354,73.86, 
31-Jul-2019,INDIAMART,EQ,1224.25,1224.0,1224.0,1191.0,1197.0,1203.7,1203.04,22083,26566713.2,3277,10992,49.78, 
30-Jul-2019,INDIAMART,EQ,1205.65,1210.9,1240.05,1188.0,1235.0,1224.25,1210.84,35577,43077963.5,2977,20167,56.69, 
29-Jul-2019,INDIAMART,EQ,1222.8,1217.0,1224.95,1200.0,1200.0,1205.65,1210.79,14417,17455899.65,1685,8796,61.01, 
26-Jul-2019,INDIAMART,EQ,1249.65,1244.95,1284.6,1205.0,1206.6,1222.8,1239.21,17368,21522584.45,1247,9628,55.44, 
25-Jul-2019,INDIAMART,EQ,1217.55,1220.0,1261.0,1211.0,1250.0,1249.65,1236.6,39772,49182013.5,2047,21989,55.29, 
24-Jul-2019,INDIAMART,EQ,1210.5,1211.0,1229.9,1210.0,1220.0,1217.55,1218.27,30270,36877006.5,1061,20538,67.85, 
23-Jul-2019,INDIAMART,EQ,1207.95,1215.0,1232.95,1203.9,1205.0,1210.5,1218.63,39873,48590329.8,2077,23437,58.78, 
22-Jul-2019,INDIAMART,EQ,1225.95,1229.7,1229.7,1190.0,1215.0,1207.95,1203.54,28299,34059007.7,2041,16020,56.61, 
19-Jul-2019,INDIAMART,EQ,1265.0,1271.95,1272.9,1225.0,1225.0,1225.95,1245.49,45659,56868039.1,2527,23449,51.36, 
18-Jul-2019,INDIAMART,EQ,1284.1,1275.0,1275.0,1262.0,1265.25,1265.0,1266.83,35414,44863426.95,1755,18167,51.3, 
17-Jul-2019,INDIAMART,EQ,1252.45,1256.8,1295.25,1246.35,1280.1,1284.1,1272.0,101349,128915883.2,6383,28184,27.81, 
16-Jul-2019,INDIAMART,EQ,1269.0,1274.85,1275.95,1250.0,1251.0,1252.45,1261.55,54954,69326949.15,2442,16888,30.73, 
15-Jul-2019,INDIAMART,EQ,1303.2,1300.0,1323.0,1260.0,1265.0,1269.0,1286.37,55983,72015097.9,3460,17870,31.92, 
12-Jul-2019,INDIAMART,EQ,1325.05,1325.0,1340.0,1245.0,1302.0,1303.2,1295.77,195375,253161521.95,10015,46217,23.66, 
11-Jul-2019,INDIAMART,EQ,1325.25,1338.0,1338.0,1323.45,1324.0,1325.05,1325.49,79357,105186737.7,2121,57587,72.57, 
10-Jul-2019,INDIAMART,EQ,1327.6,1329.8,1337.1,1321.6,1326.75,1325.25,1327.9,63036,83705296.3,2964,19156,30.39, 
09-Jul-2019,INDIAMART,EQ,1347.45,1340.0,1353.7,1321.7,1325.8,1327.6,1335.15,175884,234831864.55,6955,40838,23.22, 
08-Jul-2019,INDIAMART,EQ,1325.55,1312.0,1368.7,1299.1,1349.1,1347.45,1331.95,462941,616614621.05,32087,116248,25.11, 
05-Jul-2019,INDIAMART,EQ,1301.95,1313.7,1347.7,1305.0,1326.55,1325.55,1327.99,1404682,1865401208.35,47818,248643,17.7, 
04-Jul-2019,INDIAMART,EQ,973.0,1180.0,1338.0,1180.0,1301.0,1301.95,1266.9,7561613,9579782805.8,292569,2071480,27.39, 
